Nivel_Riesgo,Pixeles,Area_km2,Porcentaje,Score_Min,Score_Max
ALTO (Rojo),551435,450.1317624145726,23.37956092969618,70,100
MEDIO (Amarillo),1044319,852.4688349361649,44.27669569494026,40,70
BAJO (Verde),762866,622.7211132158012,32.34374337536356,0,40
TOTAL,2358620,1925.3217105665387,100.0,0,100
